{
  "person_id": 3,
  "embedding_model": "Facenet512",
  "embedding": [
    -0.01881014402258604,
    -0.008676898094096068,
    -0.028934286164776033,
    -0.008788050874135662,
    0.009785247199941866,
    -0.06866438450718879,
    0.044097966916311175,
    0.012945323590779413,
    0.04191561750679737,
    0.0005611968306733021,
    -0.012176420494557546,
    0.000610043557803604,
    -0.0022660639191343975,
    -0.04801682604782114,
    -0.014821253997403366,
    0.08496465864286255,
    -0.04978003731487728,
    -0.02189399240633001,
    -0.061773373176767975,
    0.0024725481624460533,
    -0.04801289258891619,
    0.03319897040566001,
    -0.04971205488486806,
    0.02378618281255716,
    -0.005429150268074739,
    0.07207253763796671,
    -0.0404545571842998,
    -0.11018271244780962,
    -0.0309001574080364,
    -0.005240637653683607,
    -0.04254158662441497,
    0.06688003472980968,
    0.05681195331669458,
    0.03127863022632151,
    0.013543582256669856,
    0.07835291778630514,
    0.03181455889373303,
    -0.025958851826454236,
    -0.028860671736789266,
    0.08222240945436388,
    -0.01724168111552758,
    -0.05137834981121673,
    0.05104034819835303,
    -0.03942040741688833,
    -0.08737695703828222,
    0.0171550952128338,
    -0.04545462710940549,
    0.0686594191538698,
    -0.012979465503235577,
    0.071474488415992,
    0.06142602832190796,
    0.03060693848022498,
    -0.0219788120838077,
    0.05386086300228388,
    0.015196107522657102,
    -0.020807024459246128,
    0.04008440337617925,
    -0.03768160913698383,
    -0.030670895500341862,
    -0.03925258664812796,
    0.0018427986779320157,
    0.059711959749222776,
    -0.024557268467632454,
    -0.050778665905021766,
    -0.036266795052754486,
    0.001317909556669565,
    -0.0650924053672137,
    -0.01765111076623348,
    0.08275643524717527,
    -0.0006059676626686218,
    0.01534942940864217,
    -0.040814895224516624,
    -0.02360623983862608,
    -0.015203218399015145,
    -0.02407940429456267,
    0.05743881384805103,
    -0.022807946908060168,
    -0.009529721791474493,
    -0.07400743672364173,
    0.023532702036462134,
    -0.01298819829284339,
    -0.03900445435446603,
    -0.002903931271028087,
    -0.07606759348769261,
    0.023332529845305584,
    -0.020888969391270884,
    0.00372871470636695,
    -0.02212676122251578,
    -0.014686516427647149,
    -0.025329204669341094,
    0.009037929598009448,
    0.004734462793274545,
    0.04872085389114929,
    -0.0289822947969692,
    0.04626567568527746,
    0.0258415325833229,
    -0.014805761533125452,
    -0.0816019854921246,
    -0.06042263871397203,
    0.06881231321234411,
    -0.03951030483222514,
    -0.0065234187404281515,
    0.03089010665427602,
    0.016757123676834143,
    -0.020620939925615724,
    -0.046031808565631216,
    0.054021128464913824,
    -0.028963935249820633,
    0.009186100951603713,
    -0.028719575500835728,
    -0.021076886559163822,
    -0.05090982377175507,
    -0.0004815406960125796,
    -0.04722542433292118,
    -0.0641695188487364,
    -0.06577823202342711,
    0.008686798150404894,
    -0.023839785129816462,
    -0.07632187372653909,
    -0.030757605281449208,
    -0.03296989239994025,
    -0.006306406109060514,
    -0.03634266483412636,
    0.014678917700217129,
    -0.0330106471209061,
    -0.06814285894027404,
    -0.05635148831379397,
    -0.05836846387248958,
    -0.0024660226754469575,
    0.008081156586485384,
    -0.00267130564934872,
    -0.04919378846961741,
    0.004324142048104057,
    -0.05000994543367763,
    -0.06769496568070471,
    0.01055445743800355,
    0.0375029023929943,
    -0.037813096494755276,
    0.03590903930276682,
    0.03336682948733179,
    0.10376585149224574,
    -0.024854305915614588,
    -0.04878693089236429,
    0.023989059895259388,
    0.02764092656391641,
    0.015733525285225498,
    0.012751604571001668,
    -0.02516170317484249,
    -0.049668470116845914,
    0.02205702406116389,
    0.0424867557397964,
    -0.04254648046029931,
    -0.05331953732275148,
    0.031963200219040616,
    0.010186392960651998,
    0.008401521489129158,
    -0.009653123209292461,
    0.14156674915600748,
    0.01727055627976166,
    0.015192520157051904,
    0.01932654970743912,
    -0.014971320563015473,
    -0.06306367540729693,
    0.041376557397426454,
    0.023951812082784768,
    -0.0019569286904625735,
    -0.030558396021466143,
    0.007733749153870065,
    0.02384505443223264,
    -0.044282466572506174,
    0.0011992891911029706,
    0.015272493251235994,
    -0.03580765823078282,
    0.03651264645109036,
    0.09035723157441239,
    -0.017930402950746684,
    -0.014082079166243018,
    -0.05485178814304049,
    -0.08432498116554178,
    -0.0062376765772787605,
    -0.09849856178101273,
    0.010602195325622739,
    -0.029018122477527487,
    -0.03044597572260734,
    -0.015343793579373485,
    0.007464060739150771,
    0.051982641483557496,
    -0.008073718134734769,
    -0.025866088605343816,
    0.047750535988344084,
    0.016918309926435022,
    0.05452656771742378,
    0.037123911073308084,
    -0.027602917601601742,
    -0.07223579661607497,
    -0.011952282300215826,
    0.03291108718931122,
    0.03600855070467392,
    -0.015303166568112337,
    -0.028172479896844693,
    -0.001413150984599809,
    0.05358070877726391,
    0.01353494269514648,
    0.0038549461712412084,
    0.0649036453152697,
    -0.012973905022692668,
    0.04824634592911919,
    -0.009485659389156749,
    -0.10459160200932349,
    0.05910583416552243,
    0.014037097254051388,
    -0.07189238522011991,
    0.051476287829561845,
    0.004770478845647273,
    0.02251443680212202,
    -0.013107456169292164,
    0.005445548194159019,
    -0.03977354262975972,
    -0.0013880933827136606,
    0.01358352857520492,
    -0.011635924928105732,
    -0.0981266200370263,
    0.02130633492302723,
    -0.0068697214840977615,
    -0.012388665084099977,
    -0.060415630005377745,
    -0.0023258678196542326,
    -0.03697686867350342,
    -0.030571718697861096,
    0.04674966992417314,
    0.0428763622901378,
    0.04342838493453639,
    -0.06962856723577991,
    -0.045912783120845006,
    0.0062376740230846665,
    -0.018716263341559444,
    -0.010044958293980985,
    0.05569161226957686,
    -0.01962806721186235,
    -0.045867875280282105,
    0.023785485517569465,
    -0.02821000356228148,
    0.005548538408422315,
    0.0259170473317157,
    0.0046171939954765704,
    0.07440216698733594,
    0.07665729049497955,
    0.047866716060909434,
    0.018918307756986986,
    -2.6366117516032456e-05,
    -0.03215339572806551,
    -0.0013104380600328575,
    0.040704661315802394,
    -0.005575601371946612,
    0.000915579448085414,
    0.004772253371994167,
    -0.0437877753687443,
    -0.02576007422527308,
    -0.015041686056114513,
    0.07888916572797842,
    0.0625339253353991,
    0.016551917169118073,
    0.020425114972807374,
    -0.03848360309479213,
    -0.030195432269720556,
    -0.03764964595208995,
    -0.09350901513557483,
    0.02152778227389079,
    -0.09316010200554102,
    -0.04258438980904431,
    -0.0011779296631722876,
    -0.03533932375587822,
    -0.05211541360095828,
    0.015588298917421755,
    0.07702406765850765,
    0.03905294572934299,
    0.009013577911516064,
    -0.012140304190066625,
    -0.05018492816267792,
    0.0855454006456555,
    -0.03657933135049977,
    -0.017687313913323604,
    -0.0572360670292476,
    -0.015141248541903492,
    -0.1260877710229113,
    -0.10816064893447852,
    -0.03474207655084905,
    0.006695821094844854,
    -0.030603807038265585,
    0.05635111540145623,
    -0.07257212778600113,
    0.007064427061344362,
    0.035916827040559804,
    -0.020911927764885922,
    0.04912212800011265,
    -0.05938140616633754,
    -0.048648994194505184,
    -0.07570864237486889,
    -0.02557177392826602,
    0.06351594655554359,
    -0.06104731285518391,
    -0.04258312803716181,
    0.05728770772544261,
    -0.00404784369834343,
