{
  "person_id": 2,
  "embedding_model": "Facenet512",
  "embedding": [
    0.03314705200839086,
    0.05920064884522041,
    -0.0047326415969677765,
    -0.02007912584420517,
    -0.04352419026137481,
    -0.013855055576975847,
    0.023141357253604465,
    -0.004170920615376191,
    0.07784073203082333,
    -0.02669504422560323,
    0.03924484704549261,
    0.002431849557460657,
    -0.011193069208251463,
    0.033998676243399126,
    0.04593431957163004,
    -0.014710637275835962,
    0.02667229162716153,
    -0.01760602663191975,
    -0.047061841612395516,
    0.012355064028866049,
    -0.07342964811301246,
    0.011298015286693169,
    0.03838052171923331,
    -0.031295968022632216,
    -0.01636310393049995,
    0.02197731182404955,
    -0.08982328990916123,
    -0.08881449178395133,
    -0.009336720583526083,
    0.027500427581345376,
    -0.05900463036147006,
    0.06377554470691606,
    -0.030079611629477164,
    0.05372354142390881,
    0.00023804640985055365,
    0.061890326186081965,
    0.00376842730397134,
    -0.0366069972600755,
    -0.004180663826549203,
    0.07293432246646099,
    0.043478256621111426,
    -0.09291108134862364,
    -0.048432643387911346,
    0.05547113942116539,
    -0.062309569308210924,
    -0.03822558588195073,
    -0.0394408796227752,
    0.07358101264922645,
    -0.025307282293394674,
    -0.026321948965427635,
    0.016046536418769484,
    -0.025061524915677244,
    -0.037507314648958935,
    0.08607842980979484,
    0.004756584394206804,
    -0.005205462338906581,
    -0.04097865874951599,
    -0.0029932097446270026,
    0.01968544698019898,
    -0.008282891508792503,
    0.031837052549647325,
    0.056956462420924024,
    -0.02888351327955805,
    -0.03622777976949661,
    0.029566841008724056,
    0.02621775266290088,
    -0.021485513788616746,
    -0.025914702257937905,
    0.06532259174045521,
    0.02003830815614344,
    0.011044307747441444,
    0.02104064157811673,
    -0.012044056415602663,
    -0.047769858391332444,
    0.014024724792857884,
    -0.025208461264062707,
    -0.04936577615725295,
    -0.04999053680385928,
    -0.02803460345885843,
    0.05927928511768406,
    0.005918057401790354,
    -0.03890616537233073,
    -0.0664398818768174,
    -0.019657327564681835,
    0.0172593962065768,
    -0.020099765822164703,
    -0.008848631261101168,
    -0.015047458602742697,
    0.002374918029316965,
    0.002122060330059067,
    0.07054203556801646,
    0.01862565563665299,
    0.029798547134802254,
    -0.03987514363156122,
    0.02537664220294063,
    -0.012173573158144506,
    -0.019381889208075515,
    0.027381049725894068,
    -0.0885048850677922,
    0.02052309747799531,
    0.022631695666062608,
    -0.014929826935935423,
    -0.0003592958643616502,
    -0.00507583284810685,
    0.007549488050238976,
    0.059563918094721106,
    0.08822583312952058,
    0.014571364990280401,
    -0.07750276912780547,
    -0.0026972002921999503,
    -0.01498625884836135,
    -0.06730590688306434,
    -0.005617144280990959,
    -0.02015594264165716,
    -0.08282120028837907,
    -0.0711575734071276,
    0.025236930199179306,
    -0.04318310141290703,
    -0.11557429297147226,
    -0.042212254351302055,
    -0.058489878190084575,
    0.06815122567175025,
    -0.02607900183803805,
    0.039113303653015234,
    -0.061033016620169724,
    -0.08861942038556724,
    -0.044250999356195135,
    -0.044482203752525734,
    -0.011699774677406833,
    0.04103261442832807,
    -0.08722123487691696,
    -0.04405761354426646,
    0.026718924306623808,
    -0.03736310680841434,
    -0.05366301252166189,
    0.003282072190688056,
    0.012605655488140407,
    -0.04587425857465336,
    0.045016681231628636,
    0.07056772525857613,
    0.059488963052877486,
    -0.003798464849225799,
    0.003766021890356971,
    0.05196657404642177,
    0.014837181692429246,
    0.03379721201879281,
    0.0017581128293195128,
    -0.0057576405898212115,
    -0.06290730419740162,
    -0.0032546771827278356,
    0.06739679889116038,
    -0.05322055453323389,
    -0.07593230991851598,
    0.021177601115032373,
    0.037949062323362245,
    -0.025580175358079184,
    -0.014019594747124001,
    0.05646206131008724,
    -0.016906413826255115,
    -0.006514829702729334,
    0.08245617780346823,
    0.0010447032483570794,
    -0.0379804796254226,
    0.06373544015158547,
    0.044772600984247284,
    0.0009959553939599152,
    -0.024364030367907668,
    0.016446062689300364,
    0.011818960156143121,
    0.02103288167926762,
    0.0013125398179290634,
    0.02299836568489184,
    -0.023154603764553024,
    0.03762614003794659,
    0.011072070596593023,
    -0.02912498340476931,
    0.005375174540061937,
    -0.022383762246967948,
    -0.049621139686542394,
    0.019972155934534382,
    -0.04154529203176842,
    0.0007169738352649027,
    -0.049859201995659,
    -0.03427642593929214,
    -0.013911267630298894,
    0.005863730710742168,
    0.08295855585355055,
    0.014148814116135666,
    -0.02429038320585554,
    0.0034830861269394358,
    0.04886374198935718,
    -0.02059066328088763,
    0.038597350712683255,
    -0.023104071404721063,
    -0.04966237172445186,
    -0.045531233274856364,
    0.004667751098832143,
    -0.029249262990732276,
    0.020401711294200382,
    -0.010233274999302523,
    0.06209105754701202,
    0.0391256664994926,
    0.044040216488074414,
    0.031070243191634952,
    0.06786503676875436,
    -0.020554675446323157,
    0.051092216943916934,
    -0.03905897026753924,
    -0.0034188411125802083,
    0.11193785723430338,
    -0.041532421818130556,
    -0.0725086019569164,
    -0.013881564101758427,
    -0.008007446810096675,
    -0.033420745585706374,
    -0.038767025565978185,
    0.051097031294528736,
    -0.03252987086342102,
    -0.016076334373975935,
    0.04958418080760686,
    -0.02877388814841401,
    -0.07513840433542679,
    0.023262644782673744,
    -0.05050540736091554,
    0.020188361993859497,
    0.02551662480252088,
    0.03189673865866653,
    0.01654681594190188,
    -0.07176185333268865,
    0.027686848369643052,
    0.012568338633486085,
    -0.006297637096147707,
    -0.07493153383185476,
    -0.04655947765584543,
    -0.0036679700155467817,
    0.033739899260602134,
    -0.036678699514679065,
    0.05086475297104175,
    -0.03809308976669421,
    -0.004536776380380492,
    0.018879074258493875,
    -0.03981676258362706,
    0.0510225892572585,
    0.036095737465978085,
    0.05392248572495134,
    0.08832785902808299,
    0.05280817778001028,
    0.001781729008948972,
    0.04300738889040222,
    -0.019400635015302536,
    0.030175456104800897,
    0.052864332049851165,
    -0.009050158201925935,
    -0.019187154645111858,
    -0.013131540140639057,
    0.00152084345756033,
    0.010886450320926349,
    0.010833608031160914,
    -0.01247987071293464,
    0.05344811997954117,
    0.06023329322697353,
    0.005776551291375396,
    0.050331707394814025,
    -0.08280478414203066,
    -0.007739599229952632,
    0.03189468664037298,
    -0.03021275322851009,
    0.01948392356275727,
    -0.12608205853733823,
    -0.0537318678827538,
    0.008924677142339852,
    -0.08162094434645036,
    -0.03722270422157346,
    0.08125640667904842,
    0.027850727962482565,
    0.0460883759725011,
    -0.030901456230870886,
    -0.0655796295813743,
    0.0017602945081096363,
    -8.674144083139697e-05,
    0.01046494518687352,
    0.052019385330416286,
    -0.08326795398543259,
    -0.013909301582551981,
    -0.11274902457567516,
    -0.07936875279584396,
    -0.10743690168013037,
    0.06086906937837548,
    -0.008858665151376545,
    0.07390908189261466,
    -0.05441061239523668,
    0.0020946318499597866,
    0.06378443490705049,
    -0.037798470112714776,
    -0.0017435993098229416,
    -0.048763243829689135,
    -0.04998003994104995,
    -0.07674432850923481,
    -0.07210510412900142,
    0.013828669665923719,
    -0.04430908443995234,
    -0.029415431373206905,
    0.002458694917663676,
    -0.008365810101026045,
