{
  "person_id": 1,
  "embedding_model": "Facenet512",
  "embedding": [
    0.06216345780758415,
    0.04528988198243354,
    -0.04919853599136396,
    0.03840906885223348,
    0.025164664479461134,
    -0.0240046027631301,
    0.015431075722596325,
    0.10115655366582865,
    0.0015466746922368068,
    -0.010612145944919611,
    -0.004087717828707121,
    -0.003225742712185514,
    -0.0033004596357959033,
    0.020718492062588738,
    0.028584580953812066,
    -0.07590949841712118,
    -0.047523878090285084,
    0.09203698017896068,
    -0.03727138510027955,
    0.03377030986647837,
    -0.028898874722909147,
    0.03070191603759708,
    0.057337132722715636,
    -0.023536245470185003,
    0.02731654907642957,
    0.04388239848006719,
    0.016583065653635633,
    -0.011051920413934845,
    0.03917661748713968,
    -0.018945302315058324,
    0.04345605805208133,
    0.019725959517338167,
    -0.0354320224286635,
    0.007450131030713417,
    0.05124549979375414,
    0.024615370021667384,
    -0.012416134462395869,
    0.025515832081916174,
    -0.043245314070708876,
    0.033644857120490944,
    -0.021736685473412377,
    0.03946948084582802,
    0.008995249854926578,
    -0.005068327144553577,
    -0.03763345038108475,
    -0.03090267091360394,
    -0.07977119094621042,
    0.05940346368257746,
    -0.0753862660129716,
    -0.06636219439121988,
    -0.031650845086493774,
    -0.06882464069682563,
    0.020345333496154316,
    0.018501422410970948,
    -0.03388169349746253,
    0.0391522646969581,
    -0.04612839651676853,
    0.020406154225810293,
    -0.0004109639926281789,
    -0.023222916462877954,
    -0.03826103775854143,
    0.03230276277860985,
    -0.03820224741137135,
    -0.023297072762681705,
    0.012759711308411066,
    -0.07640618947711587,
    -0.047061155410753175,
    -0.05261380171828559,
    0.05797325180839587,
    -0.017778984256181504,
    -0.02539936315332837,
    -0.014928951222671061,
    -0.04538807866266042,
    -0.098383427093206,
    0.10486254476739024,
    -0.09927058764777033,
    0.014034315309426122,
    -0.008742555592329379,
    0.009408809823044777,
    -0.010531547036679927,
    0.006327855443233259,
    0.01716142960065068,
    0.011271134717260873,
    -0.04370910208999262,
    -0.030688498712737346,
    0.07922899819154085,
    -0.010167208743103187,
    0.009514321197086591,
    -0.05183198506000474,
    -0.006106109412804473,
    -0.01326563896519401,
    -0.010180585015016924,
    0.033928393137470175,
    -0.08473856903701887,
    0.017062246034291618,
    -0.03170740136675811,
    0.01699929659174016,
    -0.04060406936719627,
    -0.045569891589981065,
    0.06271882908469019,
    -0.03634593110218689,
    0.06836320249338691,
    0.03327512298080629,
    0.05641271786634426,
    0.030214306352815527,
    -0.012301898125757665,
    -0.013679908633043381,
    0.01786410748703816,
    0.045511355778099796,
    0.0064814502470895916,
    0.03122109399801549,
    0.02490396359302756,
    0.024837027554727546,
    -0.04364297404671536,
    0.010451878351673907,
    -0.024730386820813657,
    0.010035934977340405,
    0.018765227026547034,
    -0.14523873931020037,
    -0.039231663412312816,
    -0.026141629916154433,
    0.062113698125230245,
    -0.017236765654661413,
    0.027764654238216765,
    -0.0676104567992835,
    -0.0814270885289168,
    -0.034425644961743516,
    -0.05325831765905624,
    -0.004871175691759935,
    0.03377249504912335,
    -0.012609872339902801,
    -0.024404024258188273,
    0.07057384540990631,
    -0.01631716280759104,
    0.03785418473207093,
    0.06357854140777926,
    0.08683098171660679,
    -0.04035349257973345,
    0.0313784437241518,
    0.028516083428607862,
    0.05634570484938074,
    -0.01796231702045429,
    -0.019785301076689975,
    0.06274563451623082,
    0.014652079198021344,
    0.033316813950693754,
    -0.04133758612828951,
    0.014412391379643834,
    0.013188299148143979,
    -0.030571038964800967,
    0.001481583613364614,
    -0.02853500557074013,
    -0.026898830820644076,
    0.03213329663893259,
    0.04345967661115402,
    -0.05598994711317032,
    -0.008738859211761107,
    0.03613803476947598,
    -0.08035813920821816,
    -0.04329796860032092,
    -0.00709234263107307,
    0.09633703529285556,
    -0.012228273903213528,
    0.016306842188273128,
    0.05142363291620413,
    0.0548285610266942,
    -0.09145924912860333,
    -0.0026416394298710726,
    -0.08309017603117194,
    0.03928324810706859,
    -0.03217339760609709,
    -0.04045662825596172,
    -0.02706918628864001,
    0.06804868228340376,
    0.05224172057219619,
    -0.028156663306056474,
    -0.01954507103633962,
    -0.009503921878323007,
    -0.10857459751728664,
    0.07733646932100288,
    -0.00446695221359073,
    0.03284004659828896,
    0.03647943120889466,
    -0.025009745761993767,
    0.09228184200301849,
    -0.017535512824115224,
    0.04786176891013009,
    -0.07984162136632303,
    0.0888972531163348,
    0.025439693511291224,
    0.01179562687442923,
    0.053170319247023354,
    0.034697540343892185,
    -0.05801184902265381,
    0.023129856984663785,
    0.07732125339247985,
    -0.07742261125490284,
    0.0066445507218764075,
    0.1041378372872196,
    -0.03157313259719142,
    0.04234007982497495,
    0.0038242919959159552,
    0.019237297135286005,
    -0.031215254014518287,
    0.08585248288741204,
    0.0007313655726755659,
    -0.0022735808403657287,
    0.011032525723948514,
    0.01708554921758689,
    0.056449105174882795,
    -0.02641915373094768,
    -0.06933180535016115,
    0.0003028348348162197,
    -0.014036418456415109,
    -0.015578073240770643,
    0.06151180251718966,
    0.03424753094348739,
    -0.03137995464113106,
    -0.053393296655124156,
    -0.04173309913003873,
    -0.003418662989895758,
    -0.008531298589603921,
    0.024527881944460237,
    0.04747807634738895,
    -0.021844841057521915,
    0.018809989697957892,
    0.03628918602753615,
    0.03320172803931675,
    -0.00911491880622228,
    -0.03996837394510933,
    -0.041640093733549835,
    0.059254075629233155,
    -0.021793465104178483,
    -0.06759774127260418,
    -0.0043759039609915845,
    0.02118986276117154,
    -0.07904682509397709,
    0.04770674287204426,
    0.05237767051082273,
    -0.03138142313556219,
    -0.10088704068903219,
    -0.06653504801350729,
    0.01054707467260135,
    0.0006370173164127815,
    0.04269127896339707,
    0.08051168972827218,
    0.021539712525430136,
    -0.02354381129284242,
    -0.011281696527026293,
    0.10968861475508188,
    0.03520559446601839,
    0.06728179723829025,
    0.03972732172206284,
    -0.007881975433139734,
    0.021970754551714246,
    -0.02228567932109683,
    -0.01810035802547665,
    0.05860900903816884,
    -0.0163464186329385,
    -0.02976224549912278,
    0.02762145931501207,
    0.009788053953174334,
    6.219412453383712e-05,
    -0.021236621118480906,
    -0.0074521838887215,
    -0.09815017387635963,
    -0.03341633781050599,
    0.04413868011695004,
    -0.06117249293000637,
    -0.023166234600633377,
    -0.024800731833941932,
    -0.036683977565023056,
    -0.012112491000432836,
    0.0026433113980140334,
    0.03088099439622721,
    0.007500570878557606,
    0.004281093639598765,
    -0.03162041997210435,
    0.013103131387658984,
    0.10990428087581408,
    -0.0005917656794812676,
    0.02409827062563557,
    -0.11220593617189212,
    -0.025810301386901036,
    -0.04082248255862822,
    -0.02584345278213218,
    0.04485768225604859,
    0.034495392125981524,
    -0.01348292051408366,
    0.053332948754266266,
    -0.008995779364182187,
    -0.07656559936580498,
    0.008943636222935984,
    0.04629095972122097,
    0.0394951428351772,
    -0.009058849823373438,
    -0.03999957783634266,
    -0.028497478191338473,
    -0.05594219730438831,
    -0.007555620666711111,
    -0.03388928741452268,
    0.02567246490913061,
    -0.029509036266123393,
    -0.015593249977601868,
    -0.011514990059340573,
