{
  "person_id": 9999,
  "embedding_model": "Facenet512",
  "embedding": [
    -0.034260566939736024,
    -0.0273384064386887,
    -0.03168677118854362,
    0.0349193152941289,
    0.023140747510851337,
    0.017857809962775036,
    -0.08160194688766838,
    0.004756553646178008,
    -0.014058672610180825,
    0.08588211224231503,
    0.059619997925048504,
    0.02864033921323375,
    -0.07223977620453778,
    -0.0769899095281218,
    0.0216638975608982,
    -0.02704153952736218,
    -0.021168305110743715,
    0.03757878635802309,
    0.0071287492263399505,
    -0.013912429857706004,
    -0.06152637837454985,
    0.06285971063636711,
    0.06758173762860643,
    -0.07458435410088553,
    -0.07793990068711432,
    0.015493263647088928,
    0.02213398802458437,
    -0.005073603342653271,
    -0.05556031956764464,
    -0.004792733091582194,
    -0.04180636063385751,
    0.053285379048338764,
    0.015049640925571655,
    0.0298152218545667,
    0.013974546234701011,
    0.012999485371433354,
    0.04664059636655745,
    -0.019457893180579538,
    -0.04236006530295067,
    0.06197380730971057,
    0.04853056607029387,
    -0.01728584114910923,
    0.02785464724280163,
    0.03272000906869677,
    0.011207654377266162,
    -0.017328124916161262,
    0.02842499699544,
    0.025749770266393957,
    -0.11303505808076895,
    0.0030530797564500656,
    0.04774385863614718,
    -0.022280381676387406,
    0.02190852845065536,
    0.00842967940799548,
    -0.04308290504025196,
    0.033942211964071704,
    -0.025931531170158142,
    0.05581289663849698,
    -0.023921639107360008,
    -0.02397735291462317,
    -0.02259093426913991,
    0.07028709629056767,
    -0.08546563719758672,
    -0.054144855464409336,
    -0.001205225833307649,
    0.029378700277906605,
    0.030157713621600555,
    -0.025265866300674376,
    -0.029313682195594333,
    -0.003878837495720237,
    0.12132112837338851,
    0.02431754923658194,
    -0.037681270080601806,
    -0.03752402587945701,
    -0.028460065999317146,
    -0.013969817759869241,
    -0.02388285975529499,
    0.006236126885183868,
    -0.013420510474728888,
    -0.014213050611732645,
    0.05829726057135815,
    0.07879204517111986,
    -0.0013789926232488708,
    -0.023447877351782682,
    0.01056897119531033,
    0.054723794051752456,
    -0.02137644499236608,
    0.03803211279398769,
    -0.030269620563404733,
    0.021328934782699167,
    0.01607421363371284,
    -0.004022332105135333,
    0.01710547917088191,
    -0.09676580972826766,
    0.020820663238402197,
    0.0345061813380559,
    0.012852774831041067,
    0.06492159195595082,
    -0.05878421447879389,
    0.03945691490271018,
    0.014816187237819686,
    0.01554235386148656,
    0.01119247124191842,
    0.037732171086938014,
    -0.030363188798615263,
    0.04507797878901939,
    0.05255007680181314,
    -0.02902269680749577,
    -0.058645827367817316,
    -0.013515454556755497,
    0.023035187217263255,
    -0.03402800444566363,
    -0.0329576808364939,
    0.01706735667471618,
    -0.01777255184233361,
    0.056233785044754014,
    0.05659524396970137,
    0.08397047694561936,
    0.0386430952974988,
    0.08305273918656812,
    -0.04721857984991728,
    -0.06551041178636269,
    0.00027905457709540915,
    0.028415595079649105,
    -0.00971489164933121,
    -0.032325068245747844,
    -0.0012004492038373167,
    0.04079268640778587,
    -0.04488959606767589,
    -0.10444132358606754,
    -0.027443812282376138,
    -0.08731705478589355,
    0.05405834576718683,
    -0.061025165368240916,
    -0.0397640039120586,
    0.04013045494184055,
    -0.0473411491607245,
    -0.030489283827844074,
    0.008084099530591865,
    0.0856392246836203,
    -0.034682815215233205,
    -0.005247836145225745,
    -0.03115401489677912,
    0.06680154194429376,
    -0.03181618245242073,
    0.011131590464128559,
    -0.04774493445959303,
    0.049008217477966715,
    0.031838959374550106,
    0.020957292816026624,
    0.02029987060043582,
    0.05022904275123936,
    -0.08068237703324399,
    -0.011008577331767763,
    0.06604330299987947,
    -0.01250871992449553,
    0.0074563627634333645,
    0.03594452533002102,
    0.00929079175031252,
    -0.012725528528702288,
    0.04812659259108662,
    0.002534241930516402,
    -0.04960957793019635,
    0.05306938707579058,
    0.020168769264082707,
    -0.026003392980826514,
    -0.03910647695458115,
    -0.08885649067604537,
    0.002867815991074305,
    0.03755782377840472,
    -0.09548749713680378,
    0.012219438811162685,
    -0.07310915516711168,
    -0.0011704155773962367,
    -0.018447347008817484,
    0.04442396334767381,
    0.0751769872460857,
    0.01930352671838811,
    -0.08109252495790456,
    -0.06250180583442076,
    -0.03146872343455929,
    0.0130809701210263,
    0.009949864982082616,
    0.09839230565436842,
    0.004998470567135066,
    0.006568693026993607,
    0.02376161480800363,
    0.08611885731070829,
    0.06828531906105507,
    0.06300681085208343,
    0.08189381104244303,
    0.029688942195571607,
    0.1024689166916842,
    0.026375620791949772,
    0.05014221350249828,
    0.01887644078795698,
    0.023925597995617883,
    0.05467455826388525,
    -0.048693420175875836,
    0.02317539044603705,
    0.0007360727207426289,
    -0.06485272505312596,
    0.0227808810176382,
    -0.04571526038250903,
    -0.00903084369109844,
    0.061365871197343186,
    0.043376004794231746,
    0.04168451208925329,
    0.002495741742208581,
    0.04223868898447945,
    -0.02016828283565999,
    -0.0063389203952069735,
    -0.025558964279367952,
    -0.006226636648903811,
    -0.05440620955030513,
    -0.042998458225610464,
    -0.03766366989307331,
    0.022654168188806816,
    -0.060426027574351567,
    0.07482594925121624,
    0.013398130329068402,
    0.002641758589512634,
    0.05422688078865453,
    -0.006830551737995819,
    -0.006665403518803436,
    0.02204472663372971,
    -0.01718441194654181,
    -0.0510080312409263,
    -0.0439360188305305,
    0.10191425336803533,
    0.029049001223332947,
    0.07051064743181631,
    -0.017987178619783,
    -0.01560865014987312,
    -0.03476855443823871,
    0.021176547764636677,
    0.015164908484179491,
    -0.024762980974751575,
    -0.051128342387668946,
    0.022605841347481326,
    -0.07394031576806427,
    0.045793035671557215,
    -0.033894549079790365,
    0.033955143148856615,
    -0.012415731320233965,
    0.00716666179491084,
    -0.03127611553202577,
    0.05511785433273909,
    0.07157471138179444,
    0.05630383428819759,
    -0.027808644251130655,
    0.02408244630793689,
    0.021700308681153354,
    -0.04801948602320589,
    -0.004692025542860883,
    0.019000767632116354,
    0.016274206726897812,
    0.0008029388760039781,
    0.003995405895301596,
    0.063969477554646,
    0.0507940240383657,
    0.0017175758757711791,
    0.011143871006515932,
    0.024133961563303247,
    -0.06002908067798049,
    0.005062179819685849,
    0.001806433167101307,
    -0.016988086594675565,
    -0.010554165308283125,
    -0.04621008590901895,
    -0.05999552776853035,
    0.020836722477496693,
    -0.021781510272595117,
    -0.04640283228387718,
    -0.022433063391961466,
    -0.01673818132957574,
    -0.03193122099910692,
    -0.05081163132703906,
    0.032130457820364604,
    0.01642306447596629,
    0.014186239351681283,
    0.0821622556214787,
    -0.029718729722961232,
    -0.06684723781144968,
    -0.014360386940515472,
    0.0033032346711737745,
    0.0639683484726137,
    0.04431366481517978,
    0.012270958504744578,
    -0.08200221711983262,
    0.033832694557511964,
    0.013912457374642325,
    0.052152948826248206,
    0.03646809274034034,
    -0.05550322636299298,
    -0.05956008911646097,
    0.07014175005763107,
    0.05448657320665375,
    0.046227643489678304,
    0.020265327081278105,
    -0.04399485891681703,
    0.046573526053381456,
    -0.05675478894177989,
    -0.016801782733489003,
    0.06086729271577626,
    -0.05118167908669117,
